NAME,COUNTY,Number Of Resident Cases,Number Of Employee Cases,Number Of Deaths
PARAMOUNT NURSING & REHAB FAYETTEVILLE,ADAMS,22,0,0
PARAMOUNT SENIOR LIVING AT CHAMBERSBURG ROAD,ADAMS,0,0,0
SPIRITRUST LUTHERAN THE VILLAGE AT GETTYSBURG,ADAMS,0,0,0
BAPTIST HOMES OF WESTERN PENNSYLVANIA,ALLEGHENY,0,0,0
BRIDGEVILLE REHABILITATION & CARE CENTER,ALLEGHENY,0,0,0
CARING HEIGHTS COMMUNTY CARE & REHAB CTR,ALLEGHENY,65,22,28
CHARLES M MORRIS NURSING & REHAB CENTER,ALLEGHENY,0,0,0
ELDERCREST HEALTHCARE & REHAB CENTER,ALLEGHENY,0,0,0
FORBES CENTER FOR REHAB & HEALTHCARE,ALLEGHENY,0,0,0
HARMARVILLAGE CARE CENTER,ALLEGHENY,0,0,0
JEFFERSON HILLS HEALTHCARE & REHAB CTR,ALLEGHENY,0,0,0
JOHN J KANE REGIONAL CENTER GLEN HAZEL,ALLEGHENY,104,30,21
JOHN J KANE REGIONAL CENTER MCKEESPORT,ALLEGHENY,0,0,0
JOHN J KANE REGIONAL CENTER ROSS TWP,ALLEGHENY,0,0,0
JOHN J KANE REGIONAL CENTER SCOTT TWP,ALLEGHENY,0,0,0
LAWSON NURSING HOME INC,ALLEGHENY,13,0,0
MANORCARE HEALTH SERVICES PITTSBURGH,ALLEGHENY,11,0,0
MANORCARE HEALTH SERVICES SHADYSIDE,ALLEGHENY,45,7,0
MARIAN MANOR CORPORATION,ALLEGHENY,0,0,0
PLATINUM RIDGE CTR FOR REHAB AND HEALING,ALLEGHENY,0,0,0
PROVIDENCE POINT HEALTHCARE RESIDENCE,ALLEGHENY,0,7,0
REFORMED PRESBYTERIAN HOME,ALLEGHENY,5,0,0
SOUTHWESTERN NURSING CENTER,ALLEGHENY,0,0,0
SOUTHWESTERN VETERANS CENTER,ALLEGHENY,0,0,0
ST BARNABAS NURSING HOME,ALLEGHENY,62,14,31
VILLAGE AT PENNWOOD,ALLEGHENY,41,11,9
VINCENTIAN HOME,ALLEGHENY,0,0,0
ARDEN COURTS OF NORTH HILLS,ALLEGHENY,6,0,0
CUMBERLAND CROSSING MANOR,ALLEGHENY,0,0,0
GRACE MANOR AT NORTH PARK,ALLEGHENY,15,0,0
HERITAGE MANOR SENIOR LIVING,ALLEGHENY,0,0,0
MON YOUGH COMMUNITY SERVICES,ALLEGHENY,0,0,0
OVERLOOK GREEN,ALLEGHENY,0,0,0
PARAMOUNT SENIOR LIVING AT BETHEL PARK,ALLEGHENY,0,0,0
PROVIDENCE POINT,ALLEGHENY,0,0,0
QUIET RIDGE MANOR GROUP,ALLEGHENY,17,0,7
REFORMED PRESBYTERIAN HOME,ALLEGHENY,0,0,0
THE SHERIDAN AT BETHEL PARK,ALLEGHENY,0,0,0
VILLAGE AT PENNWOOD,ALLEGHENY,10,0,0
PARKER PERSONAL CARE FACILITY,ARMSTRONG,6,6,0
BRIGHTON REHAB AND WELLNESS CENTER,BEAVER,358,25,76
CONCORDIA AT VILLA ST JOSEPH,BEAVER,0,0,0
ROCHESTER MANOR,BEAVER,0,0,0
BERKS HEIM NURSING & REHABILITATION,BERKS,52,8,13
BERKSHIRE CENTER,BERKS,74,5,21
FAIRLANE GARDENS NURSING & REHAB READING,BERKS,21,8,0
HIGHLANDS AT WYOMISSING,BERKS,21,6,6
KUTZTOWN MANOR INC,BERKS,39,0,15
LAUREL CENTER,BERKS,13,0,0
LUTHERAN HOME AT TOPTON,BERKS,31,9,6
MANORCARE HEALTH SERVICES LAURELDALE,BERKS,0,0,0
MANORCARE HEALTH SERVICES SINKING SPRING,BERKS,157,22,44
MANORCARE HEALTH SERVICES WEST READING,BERKS,131,18,14
MIFFLIN CENTER,BERKS,46,0,0
PHOEBE BERKS HEALTH CARE CENTER INC,BERKS,19,6,4
SPRUCE MANOR NURSING & REHAB CENTER,BERKS,49,12,13
TRANSITIONAL SUB-ACUTE UNIT,BERKS,0,0,0
WYOMISSING HEALTH & REHAB CENTER,BERKS,0,0,0
BERKSHIRE COMMONS GENESIS HEALTHCARE,BERKS,0,0,0
COLUMBIA COTTAGE WYOMISSING LLC,BERKS,0,0,0
COUNTRY MEADOWS OF WYOMISSING II,BERKS,38,0,10
DOWN ON THE FARM ADULT DAYCARE,BERKS,4,0,0
KEYSTONE VILLA AT DOUGLASSVILLE PERSONAL CARE,BERKS,0,0,0
LAUREL CENTER,BERKS,5,0,0
MAIDENCREEK PLACE,BERKS,0,0,0
RITTENHOUSE VILLAGE AT MUHLENBERG,BERKS,0,0,0
THE HAWTHORNE HOME,BERKS,35,0,0
ANNS CHOICE,BUCKS,0,0,0
ATTLEBORO NURSING & REHABILITATION CTR,BUCKS,48,12,11
BELLE HAVEN HEALTHCARE & REHAB CENTER,BUCKS,28,0,8
BRIARLEAF NURSING & CONVALESCENT CTR INC,BUCKS,80,5,20
BUCKINGHAM VALLEY REHAB & NURSING CENTER,BUCKS,35,7,8
CHANDLER HALL HEALTH SERVICES,BUCKS,6,0,0
CHRISTS HOME RETIREMENT COMMUNITY,BUCKS,10,0,0
CRESTVIEW CENTER,BUCKS,114,9,23
GREENLEAF NURSING & CONVALESCENT CENTER,BUCKS,0,0,0
HARBORVIEW REHAB & CARE CTR DOYLESTOWN,BUCKS,75,9,8
JUNIPER VILLAGE AT BUCKS-REHAB & SC,BUCKS,43,21,13
LANGHORNE GARDENS HEALTH & REHAB CENTER,BUCKS,49,10,7
LUTHERAN COMMUNITY AT TELFORD,BUCKS,2,0,0
MAJESTIC OAKS REHAB & NURSING CENTER,BUCKS,62,5,12
MANORCARE HEALTH SERVICES OXFORD VALLEY,BUCKS,102,31,29
MASONIC VILLAGE AT WARMINSTER,BUCKS,10,6,5
NESHAMINY MANOR HOME,BUCKS,96,43,39
PENNSWOOD VILLAGE,BUCKS,0,0,0
PHOEBE RICHLAND HEALTH CARE CENTER,BUCKS,0,0,0
PINE RUN HEALTH CENTER,BUCKS,32,7,18
RICHBORO REHABILITATION & NURSING CENTER,BUCKS,38,6,0
SILVER LAKE CENTER,BUCKS,50,19,12
STATESMAN HEALTH & REHABILITATION CTR,BUCKS,48,0,9
THE COMMUNITY AT ROCKHILL,BUCKS,6,0,0
TWINING HALL,BUCKS,34,9,11
VALLEY MANOR REHAB & HEALTHCARE CENTER,BUCKS,122,16,17
WESLEY ENHANCED LIVING - DOYLESTOWN,BUCKS,41,8,15
WILLOWBROOKE COURT AT SOUTHAMPTON ESTATE,BUCKS,58,14,16
ALLEGRIA AT THE OAKS,BUCKS,18,8,5
ANNS CHOICE,BUCKS,0,0,0
ARDEN COURTS OF WARMINSTER,BUCKS,0,0,0
ARDEN COURTS OF YARDLEY,BUCKS,41,5,23
BEECHWOOD CENTER 5,BUCKS,103,34,0
BEECHWOOD CENTER 8,BUCKS,0,0,0
BRISTOL HOUSE MEMORY CARE,BUCKS,0,0,0
CHANDLER HALL HEALTH SERVICES INC HICKS,BUCKS,0,0,0
HIDDEN MEADOWS ON THE RIDGE,BUCKS,0,0,0
HIDDEN MEADOWS ON THE RIDGE SENIOR LIVING COMMUNITY,BUCKS,5,0,0
LEGACY GARDENS OF BRISTOL,BUCKS,10,0,7
NEWSEASONS AT NEW BRITAIN,BUCKS,0,0,0
OAKBRIDGE TERRACE AT SOUTHAMPTON ESTATES,BUCKS,0,0,0
SUCCESS REHABILITATION AT ROCK RIDGE,BUCKS,0,0,0
SUNRISE SENIOR LIVING OF LOWER MAKEFIELD,BUCKS,0,0,0
SYMPHONY MANOR OF FEASTERVILLE,BUCKS,0,0,0
THE BIRCHES AT NEWTOWN,BUCKS,24,10,12
THE BRIDGES AT WARWICK,BUCKS,13,0,0
THE BRUNSWICK AT ATTLEBORO,BUCKS,5,0,0
THE GARDEN AT PINE RUN HEALTH CENTER,BUCKS,0,0,0
THE LANDING OF SOUTHAMPTON,BUCKS,0,0,0
THE SOLANA DOYLESTOWN,BUCKS,0,0,0
TWINING VILLAGE,BUCKS,0,0,0
WOODBOURNE PLACE,BUCKS,6,0,0
SAXONY HEALTH CENTER,BUTLER,0,0,0
SHERWOOD OAKS,BUTLER,0,0,0
SUNNYVIEW NURSING & REHABILITATION CTR,BUTLER,0,0,0
THE GROVE AT HARMONY,BUTLER,0,0,0
TRANSITIONS HLTHCR AUTUMN GROVE CARE CTR,BUTLER,0,0,0
CONCORDIA AT THE ORCHARD,BUTLER,8,6,0
HAIDA HEALTHCARE AND REHAB CENTER,CAMBRIA,0,0,0
MAHONING VALLEY NURSING & REHAB CENTER,CARBON,0,0,0
WEATHERWOOD HEALTHCARE & REHAB CENTER,CARBON,58,0,13
SCHREFFLER MANOR,CENTRE,0,0,0
WYNWOOD HOUSE AT GREENHILLS,CENTRE,0,0,0
WYNWOOD HOUSE AT STATE COLLEGE,CENTRE,15,10,0
BARCLAY FRIENDS,CHESTER,43,0,17
BELLINGHAM PARK LANE,CHESTER,42,0,15
BRANDYWINE HALL,CHESTER,116,5,28
GREEN MEADOWS NURSING & REHAB CENTER,CHESTER,62,5,30
HICKORY HOUSE NURSING HOME,CHESTER,0,0,0
INN AT FREEDOM VILLAGE,CHESTER,16,6,0
KENDAL AT LONGWOOD,CHESTER,0,0,0
PEMBROOKE HEALTH & REHABILITATION CENTER,CHESTER,11,0,0
PHOENIX CENTER FOR REHAB AND NURSING,CHESTER,54,8,9
POCOPSON HOME,CHESTER,11,0,0
POWERBACK REHABILITATION EXTON,CHESTER,9,28,0
POWERBACK REHABILITATION PHOENIXVILLE,CHESTER,0,0,0
SOUTHEASTERN VETERANS CENTER,CHESTER,106,13,35
ST MARTHA CENTER FOR REHAB & HEALTHCARE,CHESTER,28,11,0
TWIN PINES HEALTH CARE CENTER,CHESTER,0,0,0
WELLINGTON TERRACE,CHESTER,0,0,0
ARBOR TERRACE WILLISTOWN,CHESTER,21,9,11
BRANDYWINE LIVING AT LONGWOOD,CHESTER,0,0,0
BRIGHTVIEW DEVON,CHESTER,0,0,0
DAYLESFORD CROSSING,CHESTER,0,0,0
DEVEREUX PA ADULT SERVICES PCH HILLTOP COTTAGE,CHESTER,47,8,0
EXTON SENIOR LIVING,CHESTER,13,0,0
GATESIDE,CHESTER,0,0,0
HARRISON SENIOR LIVING OF COATESVILLE,CHESTER,13,0,0
HIGHGATE AT PAOLI POINTE,CHESTER,15,0,7
REMED,CHESTER,7,0,0
REMED RECOVERY CARE CENTERS,CHESTER,0,0,0
SIMPSON MEADOWS,CHESTER,29,6,8
SOUTHEASTERN VETERANS CENTER,CHESTER,0,0,0
SPRING MILL SENIOR LIVING,CHESTER,0,0,0
STEWARD PLACE,CHESTER,0,5,0
SUNRISE OF PAOLI,CHESTER,9,0,0
SUNRISE OF WESTTOWN,CHESTER,0,0,0
THE COMMUNITY AT PHOENIXVILLE,CHESTER,8,0,0
THE DEVON SENIOR LIVING,CHESTER,0,0,0
THE HICKMAN,CHESTER,0,0,0
WELLINGTON COURT AT HERSHEYS MILL,CHESTER,29,11,0
WOODBRIDGE PLACE,CHESTER,0,0,0
CLARION HEALTHCARE AND REHAB CENTER,CLARION,0,0,0
MOUNTAIN LAUREL HEALTHCARE & REHAB CTR,CLEARFIELD,0,0,0
KNICKERBOCKER VILLA,CLEARFIELD,0,0,0
BERWICK RETIREMENT VILLAGE NURSING HOME,COLUMBIA,54,20,19
BLOOMSBURG CARE & REHABILITATION CENTER,COLUMBIA,5,0,0
THE GARDENS AT ORANGEVILLE,COLUMBIA,39,12,10
CLAREMONT NSG & REHAB CTR-CUMBERLAND CO,CUMBERLAND,0,0,0
FOREST PARK HEALTHCARE & REHAB CENTER,CUMBERLAND,0,0,0
SARAH A TODD MEMORIAL HOME,CUMBERLAND,40,0,0
SHIPPENSBURG HEALTH CARE CENTER,CUMBERLAND,88,18,23
THE GARDENS AT CAMP HILL,CUMBERLAND,51,15,7
THE GARDENS AT WEST SHORE,CUMBERLAND,74,21,10
VIBRA REHABILITATION CENTER,CUMBERLAND,0,0,0
COUNTRY MEADOWS OF WEST SHORE,CUMBERLAND,0,0,0
THORNWALD HOME,CUMBERLAND,0,0,0
PREMIER AT SUSQUEHANNA NURSING & REHAB,DAUPHIN,44,16,0
SPRING CREEK REHAB & NURSING CENTER,DAUPHIN,169,21,14
COUNTRY MEADOWS OF HERSHEY,DAUPHIN,47,16,10
PAXTON STREET HOME BENEVOLENT SOCIETY,DAUPHIN,0,0,0
BELVEDERE CENTER GENESIS HEALTHCARE,DELAWARE,38,0,7
BRINTON MANOR NURSING AND REHAB CENTER,DELAWARE,44,0,0
BROOMALL MANOR,DELAWARE,9,0,0
BROOMALL PRESBYTERIAN VILLAGE,DELAWARE,51,7,24
BROOMALL REHABILITATION & NURSING CENTER,DELAWARE,139,22,40
BRYN MAWR EXTENDED CARE CENTER,DELAWARE,9,0,0
BRYN MAWR TERRACE,DELAWARE,9,5,6
CONTINUING CARE AT MARIS GROVE,DELAWARE,39,0,11
FAIR ACRES GERIATRIC CENTER,DELAWARE,155,39,29
HARLEE MANOR NURSING & REHAB CENTER,DELAWARE,9,0,0
LITTLE FLOWER MANOR,DELAWARE,28,0,7
MANORCARE HEALTH SERVICES WALLINGFORD,DELAWARE,151,31,34
MANORCARE HEALTH SERVICES YEADON,DELAWARE,118,7,17
PROSPECT PARK HEALTH & REHAB CENTER,DELAWARE,39,11,0
PROVIDENCE REHAB & HLTHCR CTR MERCY FITZ,DELAWARE,53,19,18
QUADRANGLE,DELAWARE,46,12,20
ST FRANCIS CENTER FOR REHAB & HEALTHCARE,DELAWARE,76,7,15
STERLING HEALTH CARE & REHAB CENTER,DELAWARE,126,29,24
WAYNE CENTER,DELAWARE,70,0,16
WESLEY ENHANCED LIVING MAIN LINE REHB SN,DELAWARE,35,10,14
WESTGATE HILLS REHAB & NURSING CENTER,DELAWARE,53,7,10
WILLOWBROOKE COURT AT GRANITE FARMS ESTS,DELAWARE,36,16,15
WILLOWBROOKE COURT AT LIMA ESTATES,DELAWARE,51,10,13
ACCOLADES SENIOR CARE,DELAWARE,10,0,0
CARELINK COMMUNITY SUPPORT SERVICES TORREY HOUSE,DELAWARE,0,0,0
DUNWOODY VILLAGE,DELAWARE,21,0,7
ELWYN HARMONY HALL,DELAWARE,65,10,15
ELWYN WHITEHOUSE,DELAWARE,0,0,0
INNE AT RIDDLE VILLAGE THE,DELAWARE,42,16,20
MARIS GROVE,DELAWARE,0,0,0
OAKBRIDGE TERRACE AT LIMA ESTATES,DELAWARE,0,0,0
PLUSH MILLS,DELAWARE,9,0,0
ROSE TREE PLACE,DELAWARE,25,5,7
ROSEMONT PRESBYTERIAN VILLAGE,DELAWARE,0,0,0
SUNRISE OF GRANITE RUN,DELAWARE,0,0,0
SUNRISE OF HAVERFORD,DELAWARE,0,0,0
THE RESIDENCE AT GLEN RIDDLE,DELAWARE,65,0,14
THE SUMMIT AT GLEN MILLS,DELAWARE,0,0,0
WESLEY ENHANCED LIVING MAIN LINE PERSONAL CARE,DELAWARE,0,0,0
WHITE HORSE VILLAGE,DELAWARE,0,6,0
ABINGTON CREST HEALTHCARE & REHAB CENTER,ERIE,0,0,0
"LECOM AT PRESQUE ISLE, INC",ERIE,0,0,0
MILLCREEK MANOR,ERIE,0,0,0
WALNUT CREEK HEALTHCARE AND REHAB CENTER,ERIE,0,0,0
MT MACRINA MANOR,FAYETTE,0,0,0
MANORCARE HEALTH SERVICES CHAMBERSBURG,FRANKLIN,57,10,0
SHOOK HOME,FRANKLIN,42,0,6
PROVIDENCE PLACE OF CHAMBERSBURG,FRANKLIN,0,0,0
SPIRITRUST LUTHERAN THE VILLAGE AT LUTHER RIDGE,FRANKLIN,0,0,0
WOODLAND PARK REHAB CENTER,HUNTINGDON,0,0,0
"BEACON RIDGE, A CHOICE COMMUNITY",INDIANA,0,0,0
COMMUNITIES AT INDIAN HAVEN,INDIANA,0,0,0
HARMONS PERSONAL CARE HOME,INDIANA,0,0,0
THE FOUNTAINS AT INDIANA,INDIANA,12,0,0
ABINGTON MANOR,LACKAWANNA,11,0,0
ALLIED SERVICES SKILLED NURSING CENTER,LACKAWANNA,163,19,41
CARBONDALE NURSING & REHABILITATION CTR,LACKAWANNA,86,6,21
DUNMORE HEALTH CARE CENTER,LACKAWANNA,29,4,7
GINO J MERLI VETERANS CENTER,LACKAWANNA,0,0,0
JEWISH HOME OF EASTERN PENNSYLVANIA,LACKAWANNA,53,17,20
LACKAWANNA HEALTH & REHABILITATION CTR,LACKAWANNA,0,0,0
LINWOOD NURSING & REHABILITATION CENTER,LACKAWANNA,39,8,6
MOUNTAIN VIEW CARE AND REHAB CENTER,LACKAWANNA,109,23,7
"SAINT MARYS VILLA NURSING HOME, INC",LACKAWANNA,51,9,12
THE GARDENS AT SCRANTON,LACKAWANNA,36,13,9
ELMCROFT OF MID VALLEY,LACKAWANNA,0,0,0
MID VALLEY MANOR PERSONAL CARE CENTER,LACKAWANNA,7,0,0
OAKWOOD TERRACE,LACKAWANNA,16,0,8
OLD FORGE MANOR PERSONAL CARE CENTER,LACKAWANNA,0,0,0
ST MARYS VILLA RESIDENCE,LACKAWANNA,15,0,0
WILLOWBROOK PLACE,LACKAWANNA,0,0,0
BRETHREN VILLAGE,LANCASTER,16,10,0
CALVARY FELLOWSHIP HOMES INC,LANCASTER,0,0,0
CONESTOGA VIEW,LANCASTER,103,34,32
ELIZABETHTOWN HEALTHCARE & REHAB CENTER,LANCASTER,36,0,0
EPHRATA MANOR,LANCASTER,6,0,0
GARDEN SPOT VILLAGE,LANCASTER,0,0,0
HAMILTON ARMS CENTER,LANCASTER,65,18,20
HARRISON SENIOR LIVING OF CHRISTIANA,LANCASTER,46,14,11
HOMESTEAD VILLAGE INC,LANCASTER,21,5,0
LAKESIDE AT WILLOW VALLEY,LANCASTER,0,0,0
LANCASHIRE HALL,LANCASTER,72,14,18
LUTHER ACRES MANOR,LANCASTER,39,11,23
MANORCARE HEALTH SERVICES LANCASTER,LANCASTER,74,12,18
MENNONITE HOME INC,LANCASTER,41,18,14
MORAVIAN MANOR INC,LANCASTER,0,0,0
MT HOPE NAZARENE RETIREMENT COMMUNITY,LANCASTER,25,0,9
PLEASANT VIEW RETIREMENT COMMUNITY,LANCASTER,17,0,0
ROSE CITY NURSING AND REHAB AT LANCASTER,LANCASTER,51,6,0
THE GLEN AT WILLOW VALLEY,LANCASTER,0,0,0
UNITED ZION RETIREMENT COMMUNITY,LANCASTER,13,8,0
COUNTRY MEADOWS OF LANCASTER,LANCASTER,0,0,0
ELDERWOOD SENIOR LIVING AT LANCASTER,LANCASTER,10,0,0
FAITH FRIENDSHIP VILLA OF MOUNTVILLE,LANCASTER,0,0,0
FAITHFUL LIVING,LANCASTER,9,5,0
HOMESTEAD VILLAGE,LANCASTER,9,0,0
LANDIS HOMES RETIREMENT COMMUNITY,LANCASTER,0,0,0
MEADOW RIDGE AT WILLOW VALLEY,LANCASTER,0,0,0
MENNONITE HOME,LANCASTER,0,0,0
OAK LEAF MANOR NORTH,LANCASTER,0,0,0
PLEASANT VIEW COMMUNITIES,LANCASTER,8,0,0
QUARRYVILLE PRESBYTERIAN RETIREMENT COMMUNITY,LANCASTER,0,0,0
ST JOHNS HERR ESTATE,LANCASTER,5,0,0
SUNNY CREST HOME,LANCASTER,0,0,0
WELSH MOUNTAIN HOME,LANCASTER,0,0,0
QUALITY LIFE SERVICES NEW CASTLE,LAWRENCE,0,0,0
THE GROVE AT NEW WILMINGTON,LAWRENCE,0,0,0
CORNWALL MANOR,LEBANON,11,0,0
MANORCARE HEALTH SERVICES LEBANON,LEBANON,7,0,0
STONERIDGE TOWN CENTRE,LEBANON,0,0,0
STONERIDGE TOWNE CENTRE,LEBANON,71,10,10
CEDARBROOK SENIOR CARE & REHABILITATION,LEHIGH,115,41,20
FELLOWSHIP MANOR,LEHIGH,43,0,8
GOOD SHEPHERD HOME RAKER CENTER,LEHIGH,10,8,0
HOLY FAMILY MANOR,LEHIGH,20,8,0
LEHIGH CENTER,LEHIGH,84,16,17
LUTHER CREST NURSING FACILITY,LEHIGH,10,0,0
MANORCARE HEALTH SERVICES ALLENTOWN,LEHIGH,47,8,6
MANORCARE HEALTH SERVICES BETHLEHEM 2021,LEHIGH,125,14,19
MANORCARE HEALTH SERVICES BETHLEHEM 2029,LEHIGH,30,5,0
MOSSER NURSING HOME,LEHIGH,18,0,0
WESTMINSTER VILLAGE,LEHIGH,48,17,10
ABOVE & BEYOND,LEHIGH,0,0,0
ABOVE & BEYOND MOUNTAIN VIEW,LEHIGH,41,0,12
ARDEN COURTS OF ALLENTOWN,LEHIGH,23,0,9
AT HOME PALLIATIVE AND HOSPICE FOUNDATION BUILDING 1,LEHIGH,0,0,0
BETHLEHEM MANOR,LEHIGH,0,0,0
COUNTRY MEADOWS OF ALLENTOWN,LEHIGH,8,0,0
DEVONHOUSE OF ALLENTOWN,LEHIGH,9,0,0
HEATHER GLEN SENIOR LIVING,LEHIGH,0,0,0
LEGEND PERSONAL CARE AND MEMORY CARE OF ALLENTOWN,LEHIGH,5,0,0
LEHIGH COMMONS,LEHIGH,0,0,0
MOUNT TREXLER MANOR,LEHIGH,0,5,0
SALISBURY BEHAVIORAL HEALTH,LEHIGH,0,0,0
SOUTH MOUNTAIN MEMORY CARE,LEHIGH,0,0,0
WESTMINSTER VILLAGE,LEHIGH,0,0,0
WHITEHALL MANOR,LEHIGH,15,6,5
BIRCHWOOD NURSING & REHABILITATION CTR,LUZERNE,14,0,0
GUARDIAN HEALTHCARE AND REHAB CENTER,LUZERNE,0,0,0
HEINZ TRANSITIONAL REHABILITATION UNIT,LUZERNE,0,0,0
HIGHLAND MANOR REHABILITATION & NURSING,LUZERNE,0,0,0
MANOR AT ST LUKE VILLAGE,LUZERNE,0,0,0
MANORCARE HEALTH SERVICES KINGSTON,LUZERNE,0,0,0
MOUNTAIN CITY NURSING & REHAB CENTER,LUZERNE,65,12,5
MOUNTAIN TOP HEALTHCARE & REHAB CENTER,LUZERNE,68,12,19
PAVILION AT SAINT LUKE VILLAGE,LUZERNE,0,0,0
RIVER RUN REHAB AND NURSING CENTER,LUZERNE,0,0,0
RIVERSTREET MANOR,LUZERNE,84,20,20
THE GARDENS AT WYOMING VALLEY,LUZERNE,22,8,0
TIMBER RIDGE HEALTH CENTER,LUZERNE,101,10,26
ALLIED SERVICES CENTER CITY RESIDENCE,LUZERNE,0,0,0
ALLIED SERVICES MEADE STREET RESIDENCE,LUZERNE,20,0,8
NORTH PENN MANOR,LUZERNE,11,0,7
PLYMOUTH MANOR PERSONAL CARE CENTER,LUZERNE,0,0,0
PROVIDENCE PLACE OF HAZLETON,LUZERNE,0,0,0
THE PATRICIAN,LUZERNE,0,0,0
TIFFANY COURT AT KINGSTON,LUZERNE,9,6,0
MANORCARE HEALTH SERVICES JERSEY SHORE,LYCOMING,71,14,7
ROSE VIEW NURSING AND REHAB CENTER,LYCOMING,0,0,0
WILLIAMSPORT HOME,LYCOMING,0,0,0
HELENS PLACE FOR PERSONAL CARE,MERCER,0,0,0
OHESSON MANOR,MIFFLIN,0,0,0
WILLIAM PENN HEALTHCARE AND REHAB CENTER,MIFFLIN,0,0,0
BROOKMONT HEALTHCARE CENTER LLC,MONROE,0,0,0
PLEASANT VALLEY MANOR INC MONROE CO HOME,MONROE,93,24,21
THE GARDENS AT STROUD,MONROE,0,0,0
WHITESTONE CARE CENTER,MONROE,22,11,5
FITZMAURICE COMMUNITY SERVICES INC,MONROE,0,0,0
GLUCO LODGE,MONROE,0,0,0
GRACE PARK,MONROE,26,6,9
SPRING VILLAGE AT POCONO,MONROE,0,0,0
ABRAMSON SENIOR CARE AT LANKENAU MED CTR,MONTGOMERY,40,0,16
AMBLER EXTENDED CARE CENTER,MONTGOMERY,34,0,9
ARISTACARE AT MEADOW SPRINGS,MONTGOMERY,9,0,0
ARTMAN LUTHERAN HOME,MONTGOMERY,34,0,8
BEAUMONT AT BRYN MAWR,MONTGOMERY,27,0,0
BROOKSIDE HEALTHCARE & REHAB CENTER,MONTGOMERY,55,0,14
CHESTNUT HILL LODGE HEALTH & REHAB CTR,MONTGOMERY,58,0,13
DOCK TERRACE,MONTGOMERY,44,0,8
DRESHER HILL HEALTH & REHABILITATION CTR,MONTGOMERY,40,0,10
EDGEHILL NURSING & REHABILITATION CENTER,MONTGOMERY,47,0,11
ELKINS CREST HEALTH & REHAB CENTER,MONTGOMERY,39,0,0
FOULKEWAYS AT GWYNEDD,MONTGOMERY,0,0,0
GARDEN SPRING NURSING & REHAB CENTER,MONTGOMERY,75,5,9
GWYNEDD HEALTHCARE & REHAB CENTER,MONTGOMERY,57,12,29
HARBORVIEW REHAB & CARE CENTER LANSDALE,MONTGOMERY,7,0,0
HARSTON HALL,MONTGOMERY,76,0,12
HILLCREST CENTER,MONTGOMERY,112,6,16
HOPKINS CENTER,MONTGOMERY,49,0,6
IVY HILL REHAB CENTER,MONTGOMERY,75,0,19
LUTHER WOODS NURSING & REHAB CENTER,MONTGOMERY,12,0,0
MANORCARE HEALTH SERVICES HUNTINGDON VAL,MONTGOMERY,7,0,0
MANORCARE HEALTH SERVICES KING OF PRUSSI,MONTGOMERY,29,0,12
MANORCARE HEALTH SERVICES POTTSTOWN,MONTGOMERY,0,0,0
MANORCARE HLTH SERVICES MONTGOMERYVILLE,MONTGOMERY,114,6,24
MASONIC VILLAGE AT LAFAYETTE HILL,MONTGOMERY,35,6,16
MEADOWOOD,MONTGOMERY,11,0,0
MEADOWVIEW REHABILITATION & NURSING CTR,MONTGOMERY,113,6,21
NORRITON SQUARE NURSING AND REHAB CENTER,MONTGOMERY,0,0,0
PAPERMILL ROAD NURSING AND REHAB CENTER,MONTGOMERY,64,0,19
PARKHOUSE REHABILITATION & NURSING CNTR,MONTGOMERY,136,13,48
PETER BECKER COMMUNITY,MONTGOMERY,47,0,11
PHOEBE WYNCOTE,MONTGOMERY,51,0,14
POWERBACK REHABILITATION 3485 DAVISVILLE,MONTGOMERY,0,0,0
REGINA COMMUNITY NURSING CENTER,MONTGOMERY,45,8,20
REHAB AT SHANNONDELL,MONTGOMERY,13,0,0
ROSEMONT CENTER,MONTGOMERY,30,0,11
RYDAL PARK OF PHILADELPHIA PRESBY HOMES,MONTGOMERY,12,0,0
SAINT JOSEPH VILLA,MONTGOMERY,36,0,7
SAUNDERS HOUSE,MONTGOMERY,119,0,32
SILVER STREAM NURSING AND REHAB CENTER,MONTGOMERY,50,0,0
SOUDERTON MENNONITE HOMES,MONTGOMERY,0,0,0
ST JOSEPHS MANOR,MONTGOMERY,31,0,0
ST MARY CENTER FOR REHAB & HEALTHCARE,MONTGOMERY,39,0,7
SUBURBAN WOODS HEALTH & REHAB CENTER,MONTGOMERY,0,0,0
TOWNE MANOR EAST,MONTGOMERY,18,0,3
TOWNE MANOR WEST,MONTGOMERY,11,0,0
WAVERLY HEIGHTS LTD,MONTGOMERY,0,0,0
WILLOWBROOKE COURT AT SPRING HOUSE ESTS,MONTGOMERY,57,0,18
WILLOWBROOKE COURT SCC FT WASHINGTON EST,MONTGOMERY,17,0,0
WILLOWBROOKE COURT SCC NORMANDY FARMS,MONTGOMERY,0,0,0
WYNDMOOR HEALTH CARE & REHAB CTR,MONTGOMERY,37,0,7
ARDEN COURTS OF KING OF PRUSSIA,MONTGOMERY,5,0,0
ARTIS SENIOR LIVING OF HUNTINGDON VALLEY,MONTGOMERY,17,0,5
BIRCHES AT ARBOUR SQUARE,MONTGOMERY,0,0,0
BLUE BELL PLACE,MONTGOMERY,18,0,0
BRANDYWINE SENIOR LIVING AT DRESHER ESTATES,MONTGOMERY,12,0,0
BRIGHTVIEW EAST NORRITON,MONTGOMERY,14,0,0
ELM TERRACE GARDENS,MONTGOMERY,21,0,6
FOULKEWAYS AT GWYNEDD,MONTGOMERY,10,0,0
KYFFIN GROVE,MONTGOMERY,0,0,0
MILDRED SHOR INN,MONTGOMERY,0,0,0
OAKBRIDGE TERRACE AT BRITTANY POINTE ESTATES,MONTGOMERY,0,0,0
OAKBRIDGE TERRACE AT NORMANDY FARMS ESTATES,MONTGOMERY,0,0,0
OAKBRIDGE TERRACE AT SPRING HOUSE ESTATES,MONTGOMERY,0,0,0
OAKWOOD COURT,MONTGOMERY,13,0,0
PARADISE MANOR,MONTGOMERY,0,0,0
PARK CREEK PLACE PERSONAL CARE,MONTGOMERY,0,0,0
PENN ASSISTED CARE,MONTGOMERY,0,0,0
PERSONAL CARE/MEMORY CARE @ THE PARK,MONTGOMERY,6,0,0
PHOEBE WYNCOTE,MONTGOMERY,0,0,0
PROVIDENCE PLACE AT THE COLLEGEVILLE INN,MONTGOMERY,5,0,0
RYDAL PARK PERSONAL CARE,MONTGOMERY,6,0,0
SALISBURY BEHAVIORAL HEALTH,MONTGOMERY,0,0,0
SPRING MILL PRESBYTERIAN VILLAGE,MONTGOMERY,0,0,0
SPRINGFIELD SENIOR LIVING COMMUNITY,MONTGOMERY,0,0,0
ST MARY VILLA FOR INDEPENDENT & RETIREMENT LIVING,MONTGOMERY,0,0,0
SUNRISE OF ABINGTON,MONTGOMERY,20,0,5
SUNRISE OF BLUE BELL,MONTGOMERY,0,0,0
SUNRISE OF LAFAYETTE HILL,MONTGOMERY,15,0,0
SYMPHONY SQUARE AT BALA CYNWYD,MONTGOMERY,15,0,6
THE HEARTH AT DREXEL,MONTGOMERY,0,0,0
THE HILL AT WHITEMARSH OAKLEY HALL ASSISTED LIVING,MONTGOMERY,9,0,0
THE LANDING AT TOWAMENCIN,MONTGOMERY,0,0,0
THE LANDING OF COLLEGEVILLE,MONTGOMERY,0,0,0
THE MEADOWS AT SHANNONDELL,MONTGOMERY,21,0,0
TRADITIONS OF LANSDALE,MONTGOMERY,0,0,0
WHITEMARSH HOUSE,MONTGOMERY,0,0,0
WYNCOTE PLACE,MONTGOMERY,0,0,0
COUNTRY MEADOWS NURSING CENTER BETHLEHEM,NORTHAMPTON,22,5,7
KIRKLAND VILLAGE,NORTHAMPTON,44,10,6
MANORCARE HEALTH SERVICES EASTON,NORTHAMPTON,131,20,15
MORAVIAN HALL SQUARE HLTH & WELLNESS CTR,NORTHAMPTON,0,5,0
MORAVIAN VILLAGE OF BETHLEHEM,NORTHAMPTON,0,0,0
NEW EASTWOOD HEALTHCARE & REHAB CENTER,NORTHAMPTON,30,6,6
NORTHAMPTON COUNTY HOME GRACEDALE,NORTHAMPTON,205,40,44
OLD ORCHARD HEALTH CARE CENTER,NORTHAMPTON,99,15,24
THE GARDENS FOR MEMORY CARE AT EASTON,NORTHAMPTON,96,22,22
ALEXANDRIA MANOR OF ALLENTOWN BETHLEHEM CAMPUS,NORTHAMPTON,13,0,0
LIZAS HOUSE,NORTHAMPTON,0,0,0
MEADOWS LIVING CENTER AT COUNTRY MEADOWS OF BETHLEHEM,NORTHAMPTON,35,26,5
MORAVIAN KINGS DAUGHTERS AND SONS HOME,NORTHAMPTON,0,0,0
SAUCON VALLEY MANOR,NORTHAMPTON,9,0,0
NURSING & REHABILITATION AT THE MANSION,NORTHUMBERLAND,0,0,0
ANGELA JANE PAVILION,PHILADELPHIA,0,0,0
BALA NURSING & RETIREMENT CENTER,PHILADELPHIA,28,0,10
CARE PAVILION NURSING & REHABILITATION,PHILADELPHIA,82,0,25
CARING HEART REHAB & NURSING CENTER,PHILADELPHIA,28,0,9
CATHEDRAL VILLAGE,PHILADELPHIA,0,0,0
CENTENNIAL HEALTHCARE & REHAB CENTER,PHILADELPHIA,28,0,14
CHAPEL MANOR,PHILADELPHIA,123,0,27
CHELTENHAM NURSING & REHABILITATION CTR,PHILADELPHIA,11,0,11
CHESTNUT NURSING & REHABILITATION CENTER,PHILADELPHIA,0,0,0
CLIVEDEN NURSING & REHABILITATION CENTER,PHILADELPHIA,27,0,8
DEER MEADOWS REHABILITATION CENTER,PHILADELPHIA,45,0,20
DELAWARE VALLEY VETERANS HOME,PHILADELPHIA,9,0,0
FAIRVIEW NURSING & REHABILITATION CENTER,PHILADELPHIA,65,0,8
GERMANTOWN HOME,PHILADELPHIA,65,0,17
GLENDALE UPTOWN HOME,PHILADELPHIA,25,0,7
IMMACULATE MARY CENTER FOR REHAB & HLTHC,PHILADELPHIA,91,0,32
INGLIS HOUSE,PHILADELPHIA,28,0,0
KEARSLEY REHABILITATION & NURSING CENTER,PHILADELPHIA,12,0,0
LAFAYETTE REDEEMER,PHILADELPHIA,48,0,16
LIBERTY CENTER FOR REHAB AND NURSING,PHILADELPHIA,25,0,0
MAPLEWOOD NURSING & REHABILITATION CTR,PHILADELPHIA,34,0,5
OAKWOOD HEALTHCARE & REHAB CENTER,PHILADELPHIA,91,0,30
PAULS RUN,PHILADELPHIA,12,0,0
PENNYPACK NURSING AND REHAB CENTER,PHILADELPHIA,0,0,0
PHILADELPHIA NURSING HOME,PHILADELPHIA,108,0,0
POWERBACK REHABILITATION 1526 LOMBARD ST,PHILADELPHIA,54,0,9
PRESBYTERIAN CENTER FOR CONTINUING CARE,PHILADELPHIA,0,0,0
RENAISSANCE HEALTHCARE & REHAB CENTER,PHILADELPHIA,19,0,5
RIVERS EDGE NURSING & REHAB CENTER,PHILADELPHIA,27,0,5
SIMPSON HOUSE INC,PHILADELPHIA,7,0,0
SOMERTON NURSING & REHABILITATION CENTER,PHILADELPHIA,43,0,0
SPRINGS AT THE WATERMARK,PHILADELPHIA,58,0,16
ST IGNATIUS NURSING & REHAB CENTER,PHILADELPHIA,11,0,9
ST JOHN NEUMANN CENTER FOR REHAB & HLTHC,PHILADELPHIA,73,0,21
ST MONICA CENTER FOR REHAB & HEALTHCARE,PHILADELPHIA,35,0,10
TRANSITIONAL CARE UNIT AT NAZARETH HOSP,PHILADELPHIA,6,0,0
TUCKER HOUSE NURSING & REHAB CENTER,PHILADELPHIA,48,0,12
"TULIP SPECIAL CARE, LLC",PHILADELPHIA,12,0,0
WESLEY ENHANCED LIVING PENNYPACK PARK,PHILADELPHIA,14,0,6
WILLOW TERRACE,PHILADELPHIA,28,0,6
WILLOWCREST,PHILADELPHIA,7,0,0
YORK NURSING & REHABILITATION CENTER,PHILADELPHIA,86,0,27
ATRIA CENTER CITY,PHILADELPHIA,0,0,0
BETHESDA COURT,PHILADELPHIA,0,0,0
HARMONY PLACE ASSISTED LIVING AT PARKE RIDGE,PHILADELPHIA,0,0,0
HOLY FAMILY HOME,PHILADELPHIA,0,0,0
MCCALLUM ASSISTED LIFE,PHILADELPHIA,6,0,0
ORTH HOME,PHILADELPHIA,0,0,0
PAULS RUN,PHILADELPHIA,10,0,0
PENN HOME,PHILADELPHIA,0,0,0
PHILADELPHIA PROTESTANT HOME,PHILADELPHIA,17,0,0
RIVERVIEW HOME,PHILADELPHIA,19,0,0
SPEARS PERSONAL CARE AND RETIREMENT,PHILADELPHIA,0,0,0
TABOR MANOR,PHILADELPHIA,0,0,0
THE TERRACE AT CHESTNUT HILL,PHILADELPHIA,6,0,0
WALNUT MANOR,PHILADELPHIA,0,0,0
WESLEY ENHANCED LIVING AT STAPELEY,PHILADELPHIA,37,0,15
WESLEY ENHANCED LIVING PENNYPACK PARK,PHILADELPHIA,11,0,0
ALLIANCE SENIOR HOME,PIKE,0,0,0
BELLE REVE SENIOR LIVING CENTER,PIKE,31,5,10
GREEN VALLEY SKILLED NURSING & REHAB CTR,SCHUYLKILL,15,10,0
HOMETOWN NURSING & REHABILITATION CENTER,SCHUYLKILL,0,0,0
MANORCARE HEALTH SERVICES POTTSVILLE,SCHUYLKILL,46,7,0
ROSEWOOD REHAB & NURSING CENTER,SCHUYLKILL,0,0,0
SCHUYLKILL CENTER,SCHUYLKILL,0,0,0
SETON MANOR NURSING & REHABILITATION CTR,SCHUYLKILL,0,0,0
SHENANDOAH MANOR NURSING CENTER,SCHUYLKILL,0,0,0
TREMONT HEALTH & REHABILITATION CENTER,SCHUYLKILL,0,0,0
LUTHER RIDGE AT SEIDERS HILL,SCHUYLKILL,6,0,0
PROVIDENCE PLACE OF POTTSVILLE,SCHUYLKILL,12,0,0
BARNES-KASSON COUNTY HOSPITAL SNF,SUSQUEHANNA,0,0,0
FOREST CITY NURSING & REHAB CENTER,SUSQUEHANNA,40,16,14
FOREST CITY PERSONAL CARE,SUSQUEHANNA,0,0,0
RIVERWOODS,UNION,0,0,0
ELMCROFT OF LEWISBURG,UNION,0,0,0
MANORCARE HEALTH SERVICES PETERS TOWNSHP,WASHINGTON,0,0,0
SOUTHMONT OF PRESBYTERIAN SENIORCARE,WASHINGTON,0,0,0
MON VALLEY CARE CENTER,WASHINGTON,0,0,0
BETHANY VILLAGE,WAYNE,0,0,0
HARMON HOUSE CARE CENTER,WESTMORELAND,0,0,0
LOYALHANNA CARE CENTER,WESTMORELAND,30,18,6
MURRYSVILLE REHAB AND WELLNESS CENTER,WESTMORELAND,0,0,0
THE GROVE AT LATROBE,WESTMORELAND,43,5,8
TRANSITIONS HEALTHCARE NORTH HUNTINGDON,WESTMORELAND,0,0,0
WESTMORELAND MANOR,WESTMORELAND,0,0,0
LIGONIER GARDENS,WESTMORELAND,16,0,6
PLEASANT RIDGE MATURE LIVING,WESTMORELAND,44,0,7
QUALITY LIFE SERVICES APOLLO,WESTMORELAND,0,0,0
HANOVER HALL,YORK,11,0,0
MANORCARE HEALTH SERVICES DALLASTOWN,YORK,0,0,0
MANORCARE HEALTH SERVICES KINGSTON COURT,YORK,0,0,0
MANORCARE HEALTH SERVICES YORK SOUTH,YORK,0,0,0
PLEASANT ACRES NURSING & REHAB CENTER,YORK,0,0,0
FAIR HAVENS,YORK,0,0,0
SENIOR COMMONS AT POWDER MILL,YORK,0,0,0